1a;2a;3a;4a;5a;6a;7a;8a;9a;10a;11a;12a
1b;2b;3b;4b;5b;6b;7b;8b;9b;10b;11b;12b
1c;2c;3c;4c;5c;6c;7c;8c;9c;10c;11c;12c
1d;2d;3d;4d;5d;6d;7d;8d;9d;10d;11d;12d
1e;2e;3e;4e;5e;6e;7e;8e;9e;10e;11e;12e
1f;2f;3f;4f;5f;6f;7f;8f;9f;10f;11f;12f
1g;2g;3g;4g;5g;6g;7g;8g;9g;10g;11g;12g
1h;2h;3h;4h;5h;6h;7h;8h;9h;10h;11h;12h
1i;2i;3i;4i;5i;6i;7i;8i;9i;10i;11i;12i
1j;2j;3j;4j;5j;6j;7j;8j;9j;10j;11j;12j
1k;2k;3k;4k;5k;6k;7k;8k;9k;10k;11k;12k
1l;2l;3l;4l;5l;6l;7l;8l;9l;10l;11l;12l
1m;2m;3m;4m;5m;6m;7m;8m;9m;10m;11m;12m
1n;2n;3n;4n;5n;6n;7n;8n;9n;10n;11n;12n
1o;2o;3o;4o;5o;6o;7o;8o;9o;10o;11o;12o
1p;2p;3p;4p;5p;6p;7p;8p;9p;10p;11p;12p
